{"playerData":{"playerStats":[100.0,1994.0,97.0],"playerPositionAndRotation":[-9.588729858398438,1.9299997091293336,7.0976080894470219,0.018810033798217775,-0.10115759819746018,0.001912933774292469],"inventoryContent":[],"quickSlotsContent":[]},"environmentData":{"pickedupItems":[],"treeData":[{"name":"Tree_Parent","position":{"x":-0.00001239776611328125,"y":0.49140262603759768,"z":16.459999084472658},"rotation":{"x":0.0,"y":0.0,"z":0.0}},{"name":"Tree_Parent","position":{"x":3.5243711471557619,"y":9.5367431640625e-7,"z":-6.666464805603027},"rotation":{"x":0.0,"y":0.0,"z":0.0}}],"animals":["Rabbit 1","Rabbit 1 (1)","Rabbit 1 (2)","Rabbit 1 (3)","Bear"],"storage":[{"items":["Axe"],"position":{"x":-11.403319358825684,"y":4.592108249664307,"z":21.702880859375},"rotation":{"x":-0.0005014448543079197,"y":0.9896789193153381,"z":0.003464127890765667}}]}}