{"playerData":{"playerStats":[100.0,1996.0,98.0],"playerPositionAndRotation":[20.352798461914064,1.9299997091293336,4.549225807189941,0.13472004234790803,-0.127498596906662,0.017482714727520944],"inventoryContent":[],"quickSlotsContent":[]},"environmentData":{"pickedupItems":[]}}